Time,TotalPrivateBytes,TimeWorkingSet
15:09:53,1786667008,3890790400
15:09:58,1781493760,3883773952
15:10:03,1781235712,3883773952
15:10:08,1782353920,3884015616
15:10:13,1780453376,3886678016
15:10:18,1781952512,3886948352
15:10:23,1788223488,3902799872
15:10:28,1802780672,3945299968
15:10:33,1799630848,3910053888
15:10:38,1786216448,3891216384
15:10:43,1787666432,3891904512
15:10:48,1785688064,3891384320
15:10:53,1787912192,3892850688
15:10:58,1786646528,3891625984
15:11:03,1784827904,3891179520
15:11:08,1783582720,3890257920
15:11:13,1783947264,3890634752
15:11:18,1783468032,3885629440
15:11:23,1782091776,3884224512
15:11:28,1780400128,3873423360
15:11:33,1779752960,3871809536
15:11:38,1781878784,3872649216
15:11:43,1780338688,3871784960
15:11:48,1781080064,3872391168
15:11:53,1780355072,3872182272
15:11:58,1778319360,3870117888
15:12:03,1776353280,3859193856
15:12:08,1774227456,3857035264
15:12:13,1773666304,3856773120
15:12:18,1772367872,3856289792
15:12:23,1766092800,3842977792
15:12:28,1757712384,3826409472
15:12:33,1758113792,3826741248
15:12:38,1758633984,3826102272
15:12:43,1754812416,3803750400
15:12:48,1754873856,3803992064
15:12:53,1753763840,3802390528
15:12:58,1754746880,3803078656
15:13:03,1754480640,3802738688
15:13:08,1754443776,3802447872
15:13:13,1753460736,3801714688
15:13:18,1753853952,3796832256
15:13:23,1745866752,3771985920
15:13:28,1741647872,3763064832
15:13:33,1741606912,3762798592
15:13:38,1740173312,3764228096
15:13:43,1739931648,3763994624
15:13:48,1740734464,3764523008
15:13:53,1739030528,3762774016
15:13:58,1739071488,3763118080
15:14:03,1739059200,3763421184
15:14:08,1739931648,3763326976
15:14:13,1739665408,3763089408
15:14:18,1739653120,3760009216
15:14:23,1761476608,3819606016
15:14:28,1833676800,3990769664
15:14:33,1858662400,4012269568
15:14:38,1840652288,4006109184
15:14:43,1834123264,3979640832
15:14:48,1838784512,3995901952
15:14:53,1832665088,3968651264
15:14:58,1832742912,3968790528
15:15:03,1834291200,3968225280
15:15:08,1833889792,3964030976
15:15:13,1843621888,3976294400
15:15:18,1843736576,3770097664
15:15:23,1853218816,3856539648
15:15:28,1837731840,3839922176
15:15:33,1836941312,3838660608
15:15:38,1835851776,3838423040
15:15:43,1836064768,3836067840
15:15:48,1835966464,3836293120
15:15:53,1833996288,3836252160
15:15:58,1835044864,3836702720
15:16:03,1834835968,3837485056
15:16:08,1837486080,3843416064
15:16:13,1839026176,3841110016
15:16:18,1835290624,3832938496
15:16:23,1829441536,3828039680
15:16:28,1813225472,3821223936
15:16:33,1820696576,3837747200
15:16:38,1815543808,3834732544
15:16:43,1814876160,3836518400
15:16:48,1830535168,3827474432
15:16:53,1830191104,3829092352
15:16:58,1830731776,3831218176
15:17:03,1831567360,3833786368
15:17:08,1831890944,3836051456
15:17:13,1832259584,3837566976
15:17:18,1830440960,3838627840
15:17:23,1859477504,3862958080
15:17:28,1832792064,3838509056
15:17:33,1824055296,3813453824
15:17:38,1824174080,3805749248
15:17:43,1822683136,3804696576
15:17:48,1823965184,3806044160
15:17:53,1822863360,3805732864
15:17:58,1823145984,3805274112
15:18:03,1822285824,3805814784
15:18:08,1823158272,3813343232
15:18:13,1816559616,3806642176
15:18:18,1817989120,3802451968
15:18:23,1812295680,3798585344
15:18:28,1805365248,3774271488
15:18:33,1784840192,3755388928
15:18:38,1784504320,3754606592
15:18:43,1784700928,3755773952
15:18:48,1783885824,3755282432
15:18:53,1783545856,3755720704
15:18:58,1783541760,3754926080
15:19:03,1784729600,3756187648
15:19:08,1784672256,3755741184
15:19:13,1783971840,3758030848
15:19:18,1783922688,3753664512
15:19:23,1811005440,3835457536
15:19:28,1815953408,3848404992
15:19:33,1840975872,3886436352
15:19:38,1839374336,3885043712
15:19:43,1840369664,3884175360
15:19:48,1841963008,3882049536
15:19:53,1841041408,3881394176
15:19:58,1837166592,3869282304
15:20:03,1837867008,3867607040
15:20:08,1837830144,3867643904
15:20:13,1838354432,3867922432
15:20:18,1837789184,3859705856
15:20:23,1814704128,3794862080
15:20:28,1808097280,3782619136
15:20:33,1808396288,3781812224
15:20:38,1808728064,3782230016
15:20:43,1805520896,3781259264
15:20:48,1806225408,3781779456
15:20:53,1803309056,3765686272
15:20:58,1803173888,3765977088
15:21:03,1803714560,3766743040
15:21:08,1801228288,3765477376
15:21:13,1804087296,3768430592
15:21:18,1801445376,3757830144
15:21:23,1801420800,3758272512
15:21:28,1801265152,3758465024
15:21:33,1773797376,3704856576
15:21:38,1774063616,3705004032
15:21:43,1773690880,3704758272
15:21:48,1773170688,3702173696
15:21:53,1772695552,3701903360
15:21:58,1771302912,3701100544
15:22:03,1772507136,3701641216
15:22:08,1772486656,3701760000
15:22:13,1770594304,3698143232
15:22:18,1769340928,3697704960
15:22:23,1771790336,3701522432
15:22:28,1771872256,3698851840
15:22:33,1768996864,3684032512
15:22:38,1767890944,3683381248
15:22:43,1768484864,3683340288
15:22:48,1768800256,3680133120
15:22:53,1768857600,3680210944
15:22:58,1769160704,3680514048
15:23:03,1768095744,3680038912
15:23:08,1769279488,3677478912
15:23:13,1769320448,3677888512
15:23:18,1768747008,3673993216
15:23:23,1768407040,3673628672
15:23:28,1767895040,3670032384
15:23:33,1768484864,3670245376
15:23:38,1768587264,3670175744
15:23:43,1768484864,3672760320
15:23:48,1768427520,3669118976
15:23:53,1767235584,3668283392
15:23:58,1767968768,3669102592
15:24:03,1768038400,3665334272
15:24:08,1767960576,3665313792
15:24:13,1766395904,3664191488
15:24:18,1767292928,3665207296
15:24:23,1766060032,3645882368
15:24:28,1779609600,3686096896
15:24:33,1794039808,3728777216
15:24:38,1790799872,3715366912
15:24:43,1792909312,3716636672
15:24:48,1797967872,3734437888
15:24:53,1793306624,3718234112
15:24:58,1792524288,3717443584
15:25:03,1789181952,3702345728
15:25:08,1789304832,3699265536
15:25:13,1789284352,3699351552
15:25:18,1788366848,3595620352
15:25:23,1785352192,3624685568
15:25:28,1782964224,3640201216
15:25:33,1778823168,3638521856
15:25:38,1777340416,3637911552
15:25:43,1778487296,3638808576
15:25:48,1778630656,3635929088
15:25:53,1778237440,3635806208
15:25:58,1777889280,3635695616
15:26:03,1777315840,3632390144
15:26:08,1778311168,3633065984
15:26:13,1778249728,3633532928
15:26:18,1777709056,3633467392
15:26:23,1777328128,3630505984
15:26:28,1779318784,3660673024
15:26:33,1861521408,3806408704
15:28:16,1978834944,4089430016
15:28:18,1954897920,4109455360
15:28:23,1913671680,3948367872
15:28:28,1902530560,3929890816
15:28:33,1901424640,3933257728
15:28:38,1901187072,3929477120
15:28:43,1900109824,3927691264
15:28:48,1897840640,3926773760
15:28:53,1898307584,3923599360
15:28:58,1907093504,3950579712
15:29:03,1906196480,3950202880
15:29:08,1905725440,3950227456
15:29:13,1905487872,3949993984
15:29:18,1889685504,3906928640
15:29:23,1889546240,3899645952
15:29:28,1885982720,3899809792
15:29:33,1884278784,3898568704
15:29:38,1884516352,3895230464
15:29:43,1884364800,3895529472
15:29:48,1868107776,3859124224
15:29:53,1867350016,3855937536
15:29:58,1858211840,3828862976
15:30:03,1858486272,3826036736
15:30:08,1854443520,3813376000
15:30:13,1853440000,3812593664
15:30:18,1852518400,3804659712
15:30:23,1852702720,3801145344
15:30:28,1852477440,3798781952
15:30:33,1845686272,3796152320
15:30:38,1845170176,3796029440
15:30:43,1843343360,3791581184
15:30:48,1843990528,3792179200
15:30:53,1844617216,3787714560
15:30:58,1843896320,3787505664
15:31:03,1844215808,3784884224
15:31:08,1841582080,3774205952
15:31:13,1840091136,3765866496
15:31:18,1840517120,3766292480
15:31:23,1840590848,3765354496
15:31:28,1838325760,3763539968
15:31:33,1838247936,3760877568
15:31:38,1837142016,3760590848
15:31:43,1836888064,3757854720
15:31:48,1836441600,3757522944
15:31:53,1836666880,3757371392
15:31:58,1835417600,3753730048
15:32:03,1836503040,3754463232
15:32:08,1836449792,3754360832
15:32:13,1836445696,3751055360
15:32:18,1836666880,3751227392
15:32:23,1836216320,3744268288
15:32:28,1842270208,3764846592
15:32:33,1839263744,3752583168
15:32:38,1839366144,3752816640
15:32:43,1837879296,3749064704
15:32:48,1837174784,3749855232
15:32:53,1837248512,3749056512
15:32:58,1836539904,3748626432
15:33:03,1835769856,3747930112
15:33:08,1837359104,3748024320
15:33:13,1838125056,3748270080
15:33:18,1834897408,3739242496
15:33:23,1835515904,3739840512
15:33:28,1828073472,3720470528
15:33:33,1829163008,3720192000
15:33:38,1829138432,3719958528
15:33:43,1828536320,3719192576
15:33:48,1828691968,3718320128
15:33:53,1827241984,3717517312
15:33:58,1824223232,3707883520
15:34:03,1824526336,3708084224
15:34:08,1824493568,3706798080
15:34:13,1823309824,3706007552
15:34:18,1822920704,3705315328
15:34:23,1824882688,3701927936
15:34:28,1824985088,3703345152
15:34:33,1824649216,3704557568
15:34:38,1823440896,3703562240
15:34:43,1824333824,3703300096
15:34:48,1830371328,3720929280
15:34:53,1826172928,3703816192
15:34:58,1821696000,3693715456
15:35:03,1821556736,3694149632
15:35:08,1820962816,3692769280
15:35:13,1820348416,3692355584
15:35:18,1817804800,3681939456
15:35:23,1816670208,3683758080
15:35:28,1817411584,3683643392
15:35:33,1816838144,3683127296
15:35:38,1816743936,3683454976
15:35:43,1822527488,3706351616
15:35:48,1822969856,3706572800
15:35:53,1823211520,3706851328
15:35:58,1861951488,3799818240
15:36:03,1866055680,3803205632
15:36:08,1919094784,3968524288
15:36:13,1919885312,3959611392
15:36:18,1920610304,3960061952
15:36:23,1920319488,3956350976
15:36:28,1920475136,3955003392
15:36:33,1920499712,3955019776
15:36:38,1919021056,3953983488
15:36:43,1918881792,3953025024
15:36:48,1918451712,3952889856
15:36:53,1916219392,3951591424
15:36:58,1917988864,3950858240
15:37:03,1901936640,3907694592
15:37:08,1884545024,3849883648
15:37:13,1882800128,3847561216
15:37:18,1882181632,3847491584
15:37:23,1881174016,3849449472
15:37:28,1881202688,3847974912
15:37:33,1868554240,3808411648
15:37:38,1864052736,3791388672
15:37:43,1865285632,3792121856
15:37:48,1864183808,3787591680
15:37:53,1863806976,3787608064
15:37:58,1862295552,3786649600
15:38:03,1862483968,3783503872
15:38:08,1862668288,3783417856
15:38:13,1862057984,3783962624
15:38:18,1850728448,3759669248
15:38:23,1849647104,3756400640
15:38:28,1883521024,3815903232
15:38:33,1882849280,3815505920
15:38:38,1885196288,3825606656
15:38:43,1876885504,3796729856
15:38:48,1874489344,3795296256
15:38:53,1876475904,3796115456
15:38:58,1874870272,3795529728
15:39:03,1874173952,3795214336
15:39:08,1874497536,3795324928
15:39:13,1875537920,3801665536
15:39:18,1875316736,3801559040
15:39:23,1875488768,3798720512
15:39:28,1873846272,3797987328
15:39:33,1872965632,3797762048
15:39:38,1872777216,3797716992
15:39:43,1872719872,3795030016
15:39:48,1871552512,3794190336
15:39:53,1872580608,3794948096
15:39:58,1872658432,3795161088
15:40:03,1872252928,3792416768
15:40:08,1900871680,3861229568
15:40:13,2070663168,4191031296
15:40:18,2420473856,4700086272
15:40:23,2388750336,4661026816
15:40:28,2398654464,4650876928
15:40:33,2382299136,4643000320
15:40:38,2369122304,4612337664
15:40:43,2414886912,4751056896
15:40:48,2625650688,5162651648
15:40:53,2694709248,5272932352
15:40:58,2717261824,5295919104
15:41:03,2702069760,5287260160
15:41:08,2718629888,5275418624
15:41:13,2696773632,5238050816
15:41:18,2643755008,5257859072
15:41:23,2597212160,5158055936
15:41:28,2665562112,5240680448
15:41:33,2657411072,5229772800
15:41:38,2663219200,5230313472
15:41:43,2721533952,5294518272
15:41:48,2779463680,5362311168
15:41:53,2880733184,5497659392
15:41:58,2997956608,5571543040
15:42:03,3039985664,5622353920
15:42:08,2999484416,5580656640
15:42:13,3024748544,5636141056
15:42:18,2885431296,5424816128
15:42:23,2856681472,5385682944
15:42:28,2921857024,5449867264
15:42:33,2130485248,4216459264
15:42:38,2093793280,4180746240
15:42:43,2097504256,4176928768
15:42:48,2085142528,4144594944
15:42:53,2077212672,4119265280
15:42:58,2535452672,4878405632
15:43:03,2634326016,5042462720
15:43:08,3009765376,5517107200
15:43:13,2985037824,5466447872
15:43:18,2940194816,5396652032
15:43:23,2972450816,5422616576
15:43:28,2907074560,5356380160
15:43:33,2884259840,5334999040
15:43:38,2860523520,5304033280
15:43:43,2848223232,5304164352
15:43:48,2852098048,5296214016
15:43:53,2837385216,5280239616
15:43:58,2843492352,5292138496
15:44:03,2836332544,5284888576
15:44:08,2843217920,5292498944
15:44:13,2854342656,5306363904
15:44:18,2863521792,5301317632
15:44:23,2907127808,5384744960
15:44:28,2904559616,5375045632
15:44:33,2930393088,5416943616
15:44:38,2910023680,5395324928
15:44:43,2923020288,5408292864
15:44:48,2938093568,5437956096
15:44:53,2927792128,5414084608
15:44:58,2916511744,5402263552
15:45:03,2937344000,5445529600
15:45:08,2933420032,5442523136
15:45:13,2953265152,5463953408
15:45:18,2918264832,5295169536
15:45:23,2915332096,5298876416
15:45:28,2924097536,5310775296
15:45:33,2899488768,5275361280
15:45:38,2907418624,5284007936
15:45:43,2907852800,5285175296
15:45:48,2901991424,5269479424
15:45:53,2901753856,5269553152
15:45:58,2900840448,5271560192
15:46:03,2903826432,5273935872
15:46:08,2900766720,5271699456
15:46:13,2903842816,5278638080
15:46:18,2916921344,5297364992
15:46:23,2908643328,5200506880
15:46:28,2889465856,5175189504
15:46:33,2935087104,5233455104
15:46:38,2954280960,5250985984
15:46:43,2938089472,5232386048
15:46:48,2939723776,5238448128
15:46:53,2968219648,5271531520
15:46:58,2960576512,5254709248
15:47:03,2884947968,5182398464
15:47:08,2881257472,5176745984
15:47:13,2869276672,5166080000
15:47:18,2945327104,5262237696
15:47:23,3176173568,5543100416
15:47:28,3187081216,5554495488
15:47:33,3170590720,5539078144
15:47:38,3210670080,5651615744
15:47:43,3553800192,6279602176
15:47:48,3776253952,6416310272
15:47:53,3916587008,6643822592
15:47:58,3963805696,6740185088
15:48:03,3971538944,6781046784
15:48:08,3941535744,6768427008
15:48:13,4004265984,6872317952
15:48:18,4103069696,6966005760
15:48:23,4105592832,6902525952
15:48:28,4083027968,6908239872
15:48:33,4067917824,6891696128
15:48:38,4107358208,6918422528
15:48:43,4082667520,6897520640
15:48:48,4136050688,6984486912
15:48:53,4305780736,7155232768
15:48:58,4344791040,7216566272
15:49:03,4346298368,7227314176
15:49:08,4357185536,7245189120
15:49:13,4317761536,7174975488
15:49:18,4307673088,7161638912
15:49:23,4319862784,7156740096
15:49:28,4290347008,7127531520
15:49:33,4276563968,7115452416
15:49:38,4251336704,7085285376
15:49:43,4248727552,7080214528
15:49:48,4225495040,7049764864
15:49:53,4304785408,7144644608
15:49:58,4350124032,7200210944
15:50:03,4347416576,7184039936
15:50:08,4284125184,7120343040
15:50:13,4268707840,7104053248
15:50:18,4272627712,7106457600
15:50:23,4269973504,7098732544
15:50:28,4265115648,7084953600
15:50:33,4261638144,7064793088
15:50:38,4258181120,7060459520
15:50:43,4263907328,7084646400
15:50:48,4255219712,7058489344
15:50:53,4255313920,7061291008
15:50:58,4252536832,7058653184
15:51:03,4250636288,7059984384
15:51:08,4246016000,7055007744
15:51:13,4247506944,7056289792
15:51:18,4246122496,7054098432
15:51:23,4246548480,7051632640
15:51:28,4251611136,7056375808
15:51:33,4254793728,7038971904
15:51:38,4242001920,7024275456
15:51:43,4240207872,7011819520
15:51:48,4239310848,7008530432
15:51:53,4238606336,7003299840
15:51:58,4238745600,7003631616
15:52:03,4240928768,7006474240
15:52:08,4237688832,7002365952
15:52:13,4236050432,7001862144
15:52:18,4231774208,6978953216
15:52:23,4239802368,6982561792
15:52:28,4232896512,6972588032
15:52:33,4234493952,6971535360
15:52:38,4231286784,6967095296
15:52:43,4231016448,6861459456
15:52:48,4234915840,6865022976
15:52:53,4231651328,6857007104
15:52:58,4223160320,6848524288
15:53:03,4227477504,6850277376
15:53:08,4242997248,6864449536
15:53:13,4226551808,6845747200
15:53:18,4226744320,6844379136
15:53:23,4226760704,6844575744
15:53:28,4227301376,6844796928
15:53:33,4229255168,6846111744
15:53:38,4227952640,6842359808
15:53:43,4227887104,6843711488
15:53:48,4227440640,6841122816
15:53:53,4228505600,6841565184
15:53:58,4259733504,6883610624
15:54:03,4217802752,6776307712
15:54:08,4188909568,6756737024
15:54:13,4182675456,6747406336
15:54:18,4177547264,6738796544
15:54:23,4158779392,6703710208
15:54:28,4158570496,6703599616
15:54:33,4217688064,6764417024
15:54:38,4223029248,6772776960
15:54:43,4214734848,6763515904
15:54:48,4188082176,6750248960
15:54:53,4180971520,6731124736
15:54:58,4289908736,6904041472
15:55:03,4311949312,6923374592
15:55:08,4262309888,6867292160
15:55:13,4275093504,6949289984
15:55:18,4272082944,6860750848
15:55:23,4272648192,6861287424
15:55:28,4286242816,6884220928
15:55:33,4305104896,6901665792
15:55:38,4339146752,7009538048
15:55:43,4385452032,7084781568
15:55:48,4375334912,7058317312
15:55:53,4347703296,7030652928
15:55:58,4348878848,7031480320
15:56:03,4334665728,7018127360
15:56:08,4331376640,7019626496
15:56:13,4331667456,7021056000
15:56:18,4330213376,7014703104
15:56:23,4329476096,6997950464
15:56:28,4327149568,6991597568
15:56:33,4330229760,6995357696
15:56:38,4328308736,6992531456
15:56:43,4327165952,6988005376
15:56:48,4327448576,6976589824
15:56:53,4327186432,6975979520
15:56:58,4328140800,6977101824
15:57:03,4329717760,6980177920
15:57:08,4327485440,6978818048
15:57:13,4328398848,6980087808
15:57:18,4327780352,6979391488
15:57:23,4332916736,6986514432
15:57:28,4324663296,6977486848
15:57:33,4327186432,6980730880
15:57:38,4322463744,6975778816
15:57:43,4324368384,6868578304
15:57:48,4327026688,6884438016
15:57:53,4324200448,6881030144
15:57:58,4327538688,6881386496
15:58:03,4312600576,6863482880
15:58:08,4308762624,6860271616
15:58:13,4311138304,6862979072
15:58:18,4311556096,6863069184
15:58:23,4311658496,6858502144
15:58:28,4312616960,6858854400
15:58:33,4314845184,6861303808
15:58:38,4312313856,6858022912
15:58:43,4332187648,6903701504
15:58:48,4331048960,6902808576
15:58:53,4331151360,6903685120
15:58:58,4329091072,6902329344
15:59:03,4331835392,6906433536
15:59:08,4330475520,6906859520
15:59:13,4338552832,6914887680
15:59:18,4402561024,7132516352
15:59:23,4442734592,7235411968
15:59:28,4483833856,7216427008
15:59:33,4606865408,7346675712
15:59:38,4678721536,7408758784
15:59:43,4736102400,7463133184
15:59:48,4754317312,7488667648
15:59:53,4757614592,7502282752
15:59:58,4771631104,7523770368
16:00:03,4773347328,7526219776
16:00:08,4770500608,7521628160
16:00:13,4771356672,7523389440
16:00:18,4769910784,7522123776
16:00:23,4768718848,7512027136
16:00:28,4771618816,7516438528
16:00:33,4781322240,7526023168
16:00:38,4880011264,7570018304
16:00:43,4876521472,7582703616
16:00:48,4849029120,7544164352
16:00:53,4826030080,7573913600
16:00:58,4909707264,7662710784
16:01:03,4913963008,7707230208
16:01:08,4899999744,7723270144
16:01:13,4899549184,7722504192
16:01:18,4900352000,7723364352
16:01:23,4898557952,7710646272
16:01:28,5009911808,7828439040
16:01:33,5013671936,7829889024
16:01:38,4958146560,7752114176
16:01:43,4956426240,7743717376
16:01:48,4953931776,7741255680
16:01:53,4946194432,7733207040
16:01:58,4951146496,7739576320
16:02:03,5005729792,7809064960
16:02:08,4975136768,7765110784
16:02:13,4950384640,7740235776
16:02:18,5003522048,7801970688
16:02:23,4964233216,7758536704
16:02:28,4971446272,7798267904
16:02:33,4811550720,7594647552
16:02:38,4783300608,7555698688
16:02:43,4971905024,7559876608
16:02:48,5006880768,7682277376
16:02:53,5041840128,7719436288
16:02:58,5013938176,7694213120
16:03:03,4987518976,7668473856
16:03:08,5040128000,7715061760
16:03:13,4971241472,7655886848
16:03:18,4934537216,7609544704
16:03:23,4933554176,7595331584
16:03:28,4932358144,7594291200
16:03:33,4935749632,7598264320
16:03:38,4736421888,7434567680
16:03:43,4946448384,7480037376
16:03:48,4946382848,7608410112
16:03:53,4938981376,7601455104
16:03:58,4925009920,7588446208
16:04:03,4928962560,7592673280
16:04:08,4927545344,7590289408
16:04:13,4926459904,7594352640
16:04:18,4926992384,7594524672
16:04:23,4919742464,7573004288
16:04:28,4919463936,7572332544
16:04:33,4984471552,7635763200
16:04:38,5036703744,7693078528
16:04:43,4949348352,7600672768
16:04:48,4948795392,7611514880
16:04:53,4952338432,7618314240
16:04:58,4941225984,7586926592
16:05:03,4937588736,7587659776
16:05:08,4934483968,7584186368
16:05:13,4923301888,7576481792
16:05:18,4923854848,7452229632
16:05:23,4922363904,7440281600
16:05:28,4922351616,7441207296
16:05:33,4729487360,7288184832
16:05:38,4933431296,7328763904
16:05:43,4931940352,7481511936
16:05:48,4932067328,7489875968
16:05:53,4931674112,7490945024
16:05:58,4921942016,7481221120
16:06:03,4923551744,7483674624
16:06:08,4923244544,7483396096
16:06:13,4923551744,7485845504
16:06:18,4927574016,7491584000
16:06:23,4923375616,7485337600
16:06:28,4924432384,7489675264
16:06:33,4933177344,7515758592
16:06:38,4931424256,7513747456
16:06:43,4929785856,7513567232
16:06:48,4930256896,7520489472
16:06:53,4930691072,7522058240
16:06:58,4929273856,7520305152
16:07:03,4933468160,7523295232
16:07:08,4933156864,7523340288
16:07:13,4932444160,7523561472
16:07:18,4930977792,7523332096
16:07:23,4931366912,7518658560
16:07:28,4931555328,7527546880
16:07:33,4935536640,7530954752
16:07:38,4927733760,7505190912
16:07:43,5003116544,7591612416
16:07:48,5036793856,7573827584
16:07:53,4979740672,7537803264
16:07:58,5211914240,8009527296
16:08:03,5175668736,8004251648
16:08:08,5124440064,7935496192
16:08:13,5121929216,7932452864
16:08:18,5122547712,7932657664
16:08:23,5122433024,7921893376
16:08:28,5116502016,7905546240
16:08:33,5117493248,7907758080
16:08:38,5115535360,7906615296
16:08:43,5109370880,7903133696
16:08:48,5109637120,7901941760
16:08:53,5112262656,7905943552
16:08:58,5128155136,7935836160
16:09:03,5130088448,7940558848
16:09:08,5130674176,7936983040
16:09:13,5128777728,7929565184
16:09:18,5128790016,7929921536
16:09:23,5157625856,7959597056
16:09:28,5150908416,7961501696
16:09:33,5125996544,7937597440
16:09:38,5116092416,7929417728
16:09:43,5115224064,7929688064
16:09:48,5115580416,7928565760
16:09:53,5115367424,7928451072
16:09:58,5112659968,7934865408
16:10:03,5117210624,7942008832
16:10:08,5110198272,7924805632
16:10:13,5118607360,7933739008
16:10:18,5121425408,7937478656
16:10:23,5119012864,7930556416
16:10:28,5116944384,7928905728
16:10:33,5121740800,7933136896
16:10:38,5112827904,7926820864
16:10:43,5113139200,7928168448
16:10:48,5111545856,7926022144
16:10:53,5111521280,7927054336
16:10:58,4842848256,7664914432
16:11:03,4821295104,7643570176
16:11:08,4968083456,7765258240
16:11:13,4962299904,7747997696
16:11:18,4977004544,7756341248
16:11:23,4923031552,7719419904
16:11:28,4899401728,7698055168
16:11:33,4908408832,7710928896
16:11:38,4894302208,7687843840
16:11:43,4881412096,7675228160
16:11:48,4877869056,7671418880
16:11:53,4876062720,7669157888
16:11:58,4879949824,7679848448
16:12:03,4882190336,7683350528
16:12:08,4880744448,7680380928
16:12:13,4878651392,7679057920
16:12:18,4880420864,7680802816
16:12:23,4880564224,7676743680
16:12:28,4879958016,7676657664
16:12:33,4883017728,7679393792
16:12:38,4880961536,7673688064
16:12:43,4879872000,7671160832
16:12:48,4883197952,7505199104
16:12:53,4880216064,7500677120
16:12:58,4880781312,7496138752
16:13:03,4881092608,7496634368
16:13:08,4917362688,7511998464
16:13:13,4902408192,7497641984
16:13:18,4903071744,7498625024
16:13:23,4902899712,7499235328
16:13:28,4903485440,7499141120
16:13:33,4906934272,7503421440
16:13:38,4890726400,7464554496
16:13:43,4890128384,7463890944
16:13:48,4890222592,7462285312
16:13:53,4889849856,7461384192
16:13:58,4890165248,7463940096
16:14:03,4892512256,7466958848
16:14:08,4888453120,7463260160
16:14:13,4890394624,7463870464
16:14:18,4891828224,7464984576
16:14:23,4891701248,7464255488
16:14:28,4891877376,7464943616
16:14:33,4895072256,7467507712
16:14:38,4890587136,7464935424
16:14:43,4885491712,7462739968
16:14:48,4893511680,7483617280
16:14:53,4887908352,7464431616
16:14:58,4887973888,7463469056
16:15:03,4890787840,7466295296
16:15:08,4892606464,7469756416
16:15:13,4896247808,7470485504
16:15:18,4898226176,7376011264
16:15:23,4899037184,7375110144
16:15:28,4891705344,7360249856
16:15:33,4894572544,7361830912
16:15:38,4891082752,7358263296
16:15:43,4888145920,7368224768
16:15:48,4891021312,7390146560
16:15:53,4890996736,7388827648
16:15:58,4890705920,7387803648
16:16:03,4894400512,7391772672
16:16:08,4892561408,7390072832
16:16:13,4890468352,7389347840
16:16:18,4889194496,7392309248
16:16:23,4888854528,7393165312
16:16:28,4888227840,7392583680
16:16:33,4890632192,7395880960
16:16:38,4904800256,7418081280
16:16:43,4895252480,7409704960
16:16:48,4982566912,7510982656
16:16:53,4999921664,7547772928
16:16:58,5038366720,7657537536
16:17:03,5031403520,7658508288
16:17:08,5105782784,7738585088
16:17:13,5315215360,7782891520
16:17:18,5237596160,7838281728
16:17:23,5246238720,7843459072
16:17:28,5244915712,7842820096
16:17:33,5261357056,7860334592
16:17:38,5261766656,7731437568
16:17:43,5231415296,7814045696
16:17:48,5226352640,7627218944
16:17:53,5237116928,7640969216
16:17:58,5238157312,7639625728
16:18:03,5235621888,7640240128
16:18:08,5233700864,7637889024
16:18:13,5233565696,7637057536
16:18:18,5233922048,7637217280
16:18:23,5233143808,7637868544
16:18:28,5233278976,7638560768
16:18:33,5235666944,7642370048
16:18:38,5240147968,7650349056
16:18:43,5234176000,7647162368
16:18:48,5232656384,7643983872
16:18:53,5231800320,7643144192
16:18:58,5231775744,7642460160
16:19:03,5234171904,7644479488
16:19:08,5232824320,7643344896
16:19:13,5231239168,7632396288
16:19:18,5231915008,7632465920
16:19:23,5232451584,7632568320
16:19:28,5229948928,7631585280
16:19:33,5232222208,7633620992
16:19:38,5259005952,7665098752
16:19:43,5250637824,7652929536
16:19:48,5241458688,7643975680
16:19:53,5241540608,7644684288
16:19:58,5277794304,7840493568
16:20:03,5340860416,7951413248
16:20:08,5306486784,7912443904
16:20:13,5298106368,7779414016
16:20:18,5294956544,7776382976
16:20:23,5294895104,7770386432
16:20:28,5295140864,7771299840
16:20:33,5295570944,7775379456
16:20:38,5292249088,7771602944
16:20:43,5292838912,7772565504
16:20:48,5292015616,7772385280
16:20:53,5292265472,7773331456
16:20:58,5320323072,7854022656
16:21:03,5329694720,7871496192
16:21:08,5324652544,7867138048
16:21:13,5314142208,7842299904
16:21:18,5153689600,7705137152
16:21:23,5148000256,7698493440
16:21:28,5332602880,7716417536
16:21:33,5334892544,7848960000
16:21:38,5332262912,7846985728
16:21:43,5332021248,7847165952
16:21:48,5325991936,7843565568
16:21:53,5324894208,7839461376
16:21:58,5315260416,7815872512
16:22:03,5303857152,7779717120
16:22:08,5298368512,7775440896
16:22:13,5301104640,7778516992
16:22:18,5323386880,7821385728
16:22:23,5334609920,7847710720
16:22:28,5324226560,7838253056
16:22:33,5320146944,7821385728
16:22:38,5312966656,7812640768
16:22:43,5312184320,7812603904
16:22:48,5312393216,7709663232
16:22:53,5311016960,7709589504
16:22:58,5311574016,7709179904
16:23:03,5319868416,7732498432
16:23:08,5318107136,7731814400
16:23:13,5312294912,7712018432
16:23:18,5310496768,7709736960
16:23:23,5312401408,7713525760
16:23:28,5336104960,7734865920
16:23:33,5331480576,7731003392
16:23:38,5322055680,7721771008
16:23:43,5320544256,7720239104
16:23:48,5319884800,7720280064
16:23:53,5320167424,7720108032
16:23:58,5312933888,7704965120
16:24:03,5315792896,7708180480
16:24:08,5313118208,7706587136
16:24:13,5312245760,7706329088
16:24:18,5309800448,7703113728
16:24:23,5304209408,7684849664
16:24:28,5304299520,7685627904
16:24:33,5306212352,7687766016
16:24:38,5304381440,7686402048
16:24:43,5304410112,7686078464
16:24:48,5311041536,7706247168
16:24:53,5304946688,7690645504
16:24:58,5437169664,7830016000
16:25:03,5404635136,7782965248
16:25:08,5328330752,7708053504
16:25:13,5063016448,7444918272
16:25:18,5042876416,7364087808
16:25:23,5108199424,7345840128
16:25:28,5006352384,7324024832
16:25:33,5007007744,7326638080
16:25:38,5000216576,7331676160
16:25:43,4996780032,7345258496
16:25:48,5010792448,7365877760
16:25:53,5027307520,7382827008
16:25:58,5025423360,7380635648
16:26:03,5015433216,7370358784
16:26:08,5011935232,7367274496
16:26:13,5010595840,7365861376
16:26:18,5012242432,7369846784
16:26:23,5000744960,7345041408
16:26:28,5000081408,7343165440
16:26:33,5000740864,7341080576
16:26:38,4998238208,7338258432
16:26:43,4990910464,7319560192
16:26:48,4992364544,7315304448
16:26:53,4992860160,7315140608
16:26:58,4992655360,7334821888
16:27:03,4994789376,7333232640
16:27:08,4994154496,7323652096
16:27:13,5010468864,7344320512
16:27:18,5014757376,7356805120
16:27:23,5022703616,7359180800
16:27:28,5025218560,7362519040
16:27:33,5032398848,7370764288
16:27:38,5023260672,7361699840
16:27:43,5025816576,7363952640
16:27:48,5017157632,7127396352
16:27:53,5004689408,7110205440
16:27:58,5004046336,7075860480
16:28:03,5006581760,7083450368
16:28:08,5004279808,7087624192
16:28:13,5004947456,7089561600
16:28:18,4999479296,7101394944
16:28:23,4998344704,7096483840
16:28:28,5001314304,7118303232
16:28:33,5003165696,7120039936
16:28:38,5001834496,7113228288
16:28:43,5001515008,7110430720
16:28:48,5001768960,7113134080
16:28:53,5001826304,7112605696
16:28:58,5033730048,7223795712
16:29:03,5035462656,7224684544
16:29:08,5033054208,7221637120
16:29:13,5033078784,7222140928
16:29:18,5037707264,7234232320
16:29:23,5030551552,7223840768
16:29:28,5036232704,7219761152
16:29:33,5047410688,7230525440
16:29:38,5037961216,7202512896
16:29:43,5160452096,7333466112
16:29:48,5144719360,7325040640
16:29:53,5366267904,7441821696
16:29:58,5343285248,7523635200
16:30:03,5364527104,7546650624
16:30:08,5352210432,7536304128
16:30:13,5350846464,7541637120
16:30:18,5350535168,7542013952
16:30:23,5350346752,7535067136
16:30:28,5348143104,7514595328
16:30:33,5364617216,7549325312
16:30:38,5395587072,7598559232
16:30:43,5388853248,7592165376
16:30:48,5371383808,7575183360
16:30:53,5368229888,7571771392
16:30:58,5356822528,7563161600
16:31:03,5358215168,7564148736
16:31:08,5355069440,7558049792
16:31:13,5357514752,7559069696
16:31:18,5383909376,7584976896
16:31:23,5183852544,7420821504
16:31:28,5361131520,7430578176
16:31:33,5362356224,7561781248
16:31:38,5359456256,7559774208
16:31:43,5359374336,7560503296
16:31:48,5359628288,7560609792
16:31:53,5378056192,7581716480
16:31:58,5365567488,7571853312
16:32:03,5364334592,7570034688
16:32:08,5363068928,7569596416
16:32:13,5361852416,7569227776
16:32:18,5361778688,7569571840
16:32:23,5361143808,7568072704
16:32:28,5384003584,7591628800
16:32:33,5382070272,7590629376
16:32:38,5364051968,7565041664
16:32:43,5362089984,7565574144
16:32:48,5361651712,7283400704
16:32:53,5362593792,7337164800
16:32:58,5362020352,7337197568
16:33:03,5364486144,7338921984
16:33:08,5362233344,7337070592
16:33:13,5363208192,7339040768
16:33:18,5361192960,7337353216
16:33:23,5361209344,7337865216
16:33:28,5360242688,7330668544
16:33:33,5360168960,7331885056
16:33:38,5357211648,7330959360
16:33:43,5356900352,7329538048
16:33:48,5356793856,7329259520
16:33:53,5356789760,7329693696
16:33:58,5353664512,7320891392
16:34:03,5356994560,7323983872
16:34:08,5354586112,7320313856
16:34:13,5352247296,7319654400
16:34:18,5351944192,7320276992
16:34:23,5354037248,7320666112
16:34:28,5355241472,7322419200
16:34:33,5109256192,7084490752
16:34:38,5074329600,7036669952
16:34:43,5100937216,7020568576
16:34:48,5109682176,7038058496
16:34:53,5070155776,6983892992
16:34:58,5061910528,6969606144
16:35:03,5062062080,6969085952
16:35:08,5059792896,6966128640
16:35:13,5059788800,6967324672
16:35:18,5061689344,6894817280
16:35:23,5060894720,6895730688
16:35:28,5060448256,6898540544
16:35:33,5062754304,6901776384
16:35:38,5056741376,6883377152
16:35:43,5063655424,6924005376
16:35:48,5063860224,6930518016
16:35:53,5061943296,6930833408
16:35:58,5082120192,6987898880
16:36:03,5106982912,7042928640
16:36:08,5103644672,7035494400
16:36:13,5104807936,7035834368
16:36:18,5104148480,7038840832
16:36:23,5104492544,7039533056
16:36:28,5103255552,7037218816
16:36:33,5104848896,7038447616
16:36:38,5102661632,7036121088
16:36:43,5100322816,7025741824
16:36:48,5098811392,7035359232
16:36:53,5098147840,7035908096
16:36:58,5098475520,7036235776
16:37:03,5102116864,7039696896
16:37:08,5099491328,7037296640
16:37:13,5080236032,7004745728
16:37:18,5079642112,7001997312
16:37:23,5079912448,6999924736
16:37:28,5080449024,7002255360
16:37:33,5079777280,7003742208
16:37:38,5074010112,6979678208
16:37:43,5061242880,6938918912
16:37:48,5058396160,6814281728
16:37:53,5077073920,6841810944
16:37:58,5075263488,6839533568
16:38:03,5096153088,7066865664
16:38:08,5085831168,7056564224
16:38:13,5076852736,7010385920
16:38:18,5064454144,6992437248
16:38:23,5072134144,6994542592
16:38:28,5074702336,6998622208
16:38:33,5075988480,7015288832
16:38:38,5062901760,7004332032
16:38:43,5061824512,7002972160
16:38:48,5061660672,7003217920
16:38:53,5066403840,7006486528
16:38:58,5070639104,7010779136
16:39:03,5068677120,7006142464
16:39:08,5063454720,7000793088
16:39:13,5064486912,7002460160
16:39:18,5078265856,7050366976
16:39:23,5078392832,7052800000
16:39:28,5068455936,7035850752
16:39:33,5089648640,7060672512
16:39:38,5857017856,7345020928
16:39:43,6013452288,7403601920
16:39:48,6107467776,7598067712
16:39:53,6124314624,7637938176
16:39:58,6104100864,7618232320
16:40:03,6103674880,7618408448
16:40:08,6053830656,7467827200
16:40:13,6060941312,7456489472
16:40:18,6039044096,7434309632
16:40:23,6037811200,7420661760
16:40:28,6037229568,7421128704
16:40:33,6044631040,7421984768
16:40:38,6032392192,7382343680
16:40:43,6033272832,7383724032
16:40:48,6032908288,7384166400
16:40:53,6033772544,7385538560
16:40:58,6031253504,7381565440
16:41:03,6026702848,7371169792
16:41:08,6022692864,7369887744
16:41:13,6023028736,7371182080
16:41:18,6021382144,7373107200
16:41:23,6018711552,7366402048
16:41:28,6018519040,7366930432
16:41:33,6019829760,7340470272
16:41:38,6021099520,7248019456
16:41:43,6147338240,7386091520
16:41:48,6150934528,7422214144
16:41:53,6154080256,7427768320
16:41:58,6111539200,7388028928
16:42:03,6190923776,7511916544
16:42:08,6396633088,7797506048
16:42:13,6327406592,7730331648
16:42:18,6581338112,8052637696
16:42:23,6551441408,7994109952
16:42:28,6500745216,7947722752
16:42:33,6467866624,7917502464
16:42:38,6457643008,7907880960
16:42:43,6435753984,7876960256
16:42:48,6443528192,7906430976
16:42:53,6444552192,7895154688
16:42:58,6424342528,7861149696
16:43:03,6427222016,7854968832
16:43:08,6426230784,7856869376
16:43:13,6419185664,7845400576
16:43:18,6454345728,7931056128
16:43:23,6453571584,7919939584
16:43:28,6474604544,7941648384
16:43:33,6503428096,7979655168
16:43:38,5662658560,7832379392
16:43:43,5605683200,7810551808
16:43:48,5675274240,7997063168
16:43:53,5651288064,7997620224
16:43:58,5664616448,8027656192
16:44:03,5668241408,8031219712
16:44:08,5666516992,8030150656
16:44:13,5655183360,8028356608
16:44:18,5629685760,7981690880
16:44:23,5627609088,7969849344
16:44:28,5623865344,7968030720
16:44:33,5626183680,7968182272
16:44:38,5623562240,7963738112
16:44:43,5614903296,7952502784
16:44:48,5615616000,7943655424
16:44:53,5609660416,7925182464
16:44:58,5609308160,7925915648
16:45:03,5611970560,7929745408
16:45:08,5608857600,7923404800
16:45:13,5608366080,7922884608
16:45:18,5607690240,7748972544
16:45:23,5601615872,7750041600
16:45:28,5603835904,7751147520
16:45:33,5605597184,7755292672
16:45:38,5596393472,7728320512
16:45:43,5595430912,7738683392
16:45:48,5595103232,7758266368
16:45:53,5595070464,7759667200
16:45:58,5595222016,7760953344
16:46:03,5598740480,7765639168
16:46:08,5597171712,7764688896
16:46:13,5597061120,7764226048
16:46:18,5597044736,7765000192
16:46:23,5597417472,7760678912
16:46:28,5587095552,7750758400
16:46:33,5589970944,7754502144
16:46:38,5596618752,7766929408
16:46:43,5584039936,7756353536
16:46:48,5583429632,7757328384
16:46:53,5660454912,7839293440
16:46:58,5748379648,7976095744
16:47:03,5758980096,7930261504
16:47:08,5814427648,7997272064
16:47:13,5841121280,8024657920
16:47:18,5876838400,8070492160
16:47:23,5922340864,8114376704
16:47:28,5980782592,8099389440
16:47:33,5951381504,8073732096
16:47:38,5870166016,7991476224
16:47:43,5859684352,7982583808
16:47:48,5893853184,8025317376
16:47:53,5919100928,8026243072
16:47:58,5959589888,8135495680
16:48:03,6097670144,8205778944
16:48:08,6100787200,8236269568
16:48:13,6109188096,8238116864
16:48:18,6104420352,8234250240
16:48:23,6153572352,8325242880
16:48:28,6153252864,8328142848
16:48:33,6083194880,8261656576
16:48:38,6067380224,8243736576
16:48:43,6061654016,8241332224
16:48:48,6013759488,8167686144
16:48:53,6009016320,8163205120
16:48:58,5992742912,8145485824
16:49:03,5997821952,8153579520
16:49:08,5998174208,8156647424
16:49:13,6030856192,8185868288
16:49:18,5994315776,8147218432
16:49:23,5971156992,8119754752
16:49:28,5957623808,8103432192
16:49:33,5953871872,8099168256
16:49:38,5956845568,8106577920
16:49:43,5943685120,8094179328
16:49:48,5932371968,8084070400
16:49:53,5931442176,8083730432
16:49:58,5930393600,8083890176
16:50:03,5932761088,8086171648
16:50:08,5930573824,8084807680
16:50:13,6040453120,8228548608
16:50:18,6431944704,8431288320
16:50:23,6386352128,8389185536
16:50:28,6372786176,8367161344
16:50:33,6375268352,8371998720
16:50:38,6374666240,8371236864
16:50:43,6375657472,8373198848
16:50:48,6377234432,8372948992
16:50:53,6376992768,8372436992
16:50:58,6376292352,8373501952
16:51:03,6378278912,8375042048
16:51:08,6373810176,8370438144
16:51:13,6078902272,8200298496
16:51:18,6053806080,8272089088
16:51:23,6006566912,8245407744
16:51:28,5905682432,8104390656
16:51:33,5999534080,8199204864
16:51:38,5993017344,8177364992
16:51:43,5984116736,8167972864
16:51:48,6086414336,8265875456
16:51:53,6113677312,8298737664
16:51:58,6203510784,8371052544
16:52:03,6155849728,8324964352
16:52:08,6077952000,8251613184
16:52:13,6032965632,8204005376
16:52:18,6017843200,8188063744
16:52:23,6029803520,8190263296
16:52:28,5996212224,8160137216
16:52:33,6024949760,8227983360
16:52:38,6023045120,8225005568
16:52:43,6011482112,8213184512
16:52:48,6015991808,8206454784
16:52:53,6019964928,8165580800
16:52:58,6000951296,8147415040
16:53:03,6018650112,8181170176
16:53:08,6014279680,8177659904
16:53:13,5994422272,8141852672
16:53:18,5993639936,8140849152
16:53:23,5986529280,8128933888
16:53:28,5982351360,8124243968
16:53:33,5988528128,8128389120
16:53:38,5978406912,8103731200
16:53:43,5980995584,8104353792
16:53:48,5978640384,8106618880
16:53:53,5972905984,8099729408
16:53:58,5975126016,8102117376
16:54:03,5982777344,8110510080
16:54:08,5981544448,8110899200
16:54:13,5987024896,8116674560
16:54:18,5971423232,8101654528
16:54:23,5973598208,8105218048
16:54:28,5975121920,8106307584
16:54:33,5969006592,8099692544
16:54:38,5969248256,8099733504
16:54:43,5971300352,8104849408
16:54:48,5972488192,8118489088
16:54:53,5969797120,8103239680
16:54:58,5969006592,8102281216
16:55:03,5971595264,8105852928
16:55:08,5975248896,8107642880
16:55:13,5969674240,8102277120
16:55:18,5968969728,7979589632
16:55:23,5967990784,7977893888
16:55:28,5963186176,7973228544
16:55:33,5968306176,7981944832
16:55:38,5970501632,7983828992
16:55:43,5964214272,7986511872
16:55:48,5967101952,7997562880
16:55:53,5963653120,7992348672
16:55:58,6024552448,8180375552
16:56:03,6099783680,8323248128
16:56:08,6088753152,8267825152
16:56:13,6083764224,8244318208
16:56:18,6087954432,8251752448
16:56:23,6082646016,8247943168
16:56:28,6085722112,8251908096
16:56:33,6099931136,8270020608
16:56:38,6214557696,8391036928
16:56:43,6226812928,8412360704
16:56:48,6208864256,8395878400
16:56:53,6212993024,8399540224
16:56:58,6254272512,8486756352
16:57:03,6284390400,8534974464
16:57:08,6260510720,8522334208
16:57:13,6210990080,8476565504
16:57:18,6215266304,8479485952
16:57:23,6217281536,8476196864
16:57:28,6208520192,8466472960
16:57:33,6314008576,8572772352
16:57:38,6311202816,8570445824
16:57:43,6286147584,8522219520
16:57:48,6271909888,8511467520
16:57:53,6271168512,8492560384
16:57:58,6244433920,8445259776
16:58:03,6234914816,8420929536
16:58:08,6224121856,8409944064
16:58:13,6216015872,8376717312
16:58:18,6209503232,8364167168
16:58:23,6207631360,8357548032
16:58:28,6201991168,8332161024
16:58:33,6206763008,8337195008
16:58:38,6208942080,8330809344
16:58:43,6201004032,8322834432
16:58:48,6221389824,8345997312
16:58:53,6209200128,8332533760
16:58:58,6198566912,8319385600
16:59:03,6200012800,8320737280
16:59:08,6225375232,8346341376
16:59:13,6215598080,8336777216
16:59:18,6221090816,8340959232
16:59:23,6205128704,8323764224
16:59:28,6216232960,8334602240
16:59:33,6230446080,8347996160
16:59:38,6214164480,8308891648
16:59:43,6210281472,8291934208
16:59:48,6200586240,8280604672
16:59:53,6196674560,8277463040
16:59:58,6218330112,8298934272
17:00:03,6229745664,8319074304
17:00:08,6227054592,8316436480
17:00:13,6213341184,8301305856
17:00:18,6196162560,8279216128
17:00:23,6121328640,8212246528
17:00:28,6234767360,8322891776
17:00:33,6265810944,8344772608
17:00:38,6282895360,8354631680
17:00:43,6250876928,8323239936
17:00:48,6174269440,8253710336
17:00:53,6153601024,8228757504
17:00:58,6149619712,8228491264
17:01:03,6154104832,8234012672
17:01:08,6114631680,8190435328
17:01:13,6106980352,8184913920
17:01:18,6101356544,8178659328
17:01:23,6093541376,8168914944
17:01:28,6096695296,8172826624
17:01:33,6101327872,8179142656
17:01:38,6094188544,8167641088
17:01:43,6102843392,8175263744
17:01:48,6089678848,8159342592
17:01:53,6090661888,8159395840
17:01:58,6092214272,8153722880
17:02:03,6090215424,8149929984
17:02:08,6112346112,8172388352
17:02:13,6188990464,8253333504
17:02:18,6211842048,8288972800
17:02:23,6100533248,8240726016
17:02:28,6031007744,8167153664
17:02:33,5907456000,8039522304
17:02:38,5905174528,8034422784
17:02:43,5902778368,8030175232
17:02:48,5827588096,7905476608
17:02:53,5830651904,7871397888
17:02:58,5827375104,7859851264
17:03:03,5828141056,7858855936
17:03:08,5823565824,7866994688
17:03:13,5920133120,7971885056
17:03:18,5913448448,7968747520
17:03:23,5904920576,7957020672
17:03:28,5844160512,7895146496
17:03:33,5846773760,7897432064
17:03:38,5840683008,7894028288
17:03:43,5837631488,7890743296
17:03:48,5835829248,7889805312
17:03:53,5835591680,7889211392
17:03:58,5835845632,7888097280
17:04:03,5840031744,7892549632
17:04:08,5837656064,7888691200
17:04:13,5836484608,7888031744
17:04:18,5837180928,7887511552
17:04:23,5883277312,8077012992
17:04:28,5936873472,8244199424
17:04:33,5936250880,8328908800
17:04:38,5929754624,8309993472
17:04:43,5921136640,8265871360
17:04:48,5920010240,8266055680
17:04:53,5907611648,8115130368
17:04:58,5907152896,8113332224
17:05:03,5906046976,8112197632
17:05:08,5933690880,8274137088
17:05:13,5979811840,8358539264
17:05:18,5941776384,8052084736
17:05:23,5934489600,8051531776
17:05:28,5929951232,8046931968
17:05:33,5923581952,8006557696
17:05:38,5938135040,8004050944
17:05:43,5894848512,8040714240
17:05:48,5892321280,8039612416
17:05:53,5888040960,8022761472
17:05:58,5899632640,8033435648
17:06:03,5889150976,8030924800
17:06:08,5887434752,8027451392
17:06:13,5882892288,8021090304
17:06:18,5880991744,8016883712
17:06:23,5881352192,8017649664
17:06:28,5881393152,8018120704
17:06:33,5875703808,8000942080
17:06:38,5869129728,7996162048
17:06:43,5858287616,7975813120
17:06:48,5858373632,7980019712
17:06:53,5859176448,7980613632
17:06:58,5840052224,7966945280
17:07:03,5840728064,7970750464
17:07:08,5838958592,7966838784
17:07:13,5839511552,7967641600
17:07:18,5838639104,7966937088
17:07:23,5839007744,7966683136
17:07:28,5837553664,7971074048
17:07:33,5840953344,7975161856
17:07:38,5835284480,7949418496
17:07:43,5827055616,7942815744
17:07:48,5828055040,7944093696
17:07:53,5831540736,7861121024
17:07:58,5829173248,7860908032
17:08:03,5841268736,7889682432
17:08:08,5839196160,7888162816
17:08:13,5831057408,7863185408
17:08:18,5831413760,7863599104
17:08:23,5829304320,7846604800
17:08:28,5829238784,7846158336
17:08:33,5832040448,7847931904
17:08:38,5830213632,7844892672
17:08:43,5829812224,7844646912
17:08:48,5828194304,7844286464
17:08:53,5828513792,7843676160
17:08:58,5826699264,7842725888
17:09:03,5829230592,7846014976
17:09:08,5827149824,7843483648
17:09:13,5826973696,7844188160
17:09:18,5826994176,7843303424
17:09:23,5834125312,7871643648
17:09:28,5830295552,7855501312
17:09:33,5833015296,7851372544
17:09:38,5831364608,7847436288
17:09:43,5825867776,7842131968
17:09:48,5824282624,7841878016
17:09:53,5823905792,7841820672
17:09:58,5821505536,7841533952
17:10:03,5824786432,7845658624
17:10:08,5822144512,7841579008
17:10:13,5813415936,7815847936
17:10:18,5813297152,7815622656
17:10:23,5811449856,7805128704
17:10:28,5811253248,7805706240
17:10:33,5814964224,7808524288
17:10:38,5812895744,7805583360
17:10:43,5812576256,7805247488
17:10:48,5813207040,7804616704
17:10:53,5805805568,7791345664
17:10:58,5807480832,7792500736
17:11:03,5811261440,7796768768
17:11:08,5809295360,7793254400
17:11:13,5808934912,7792209920
17:11:18,5809623040,7792345088
17:11:23,5809754112,7791837184
17:11:28,5809946624,7788789760
17:11:33,5813903360,7790309376
17:11:38,5810655232,7787282432
17:11:43,5813833728,7786078208
17:11:48,5813956608,7785865216
17:11:53,5813886976,7784124416
17:11:58,5809467392,7779926016
17:12:03,5812838400,7784640512
17:12:08,5819527168,7814762496
17:12:13,5818343424,7813881856
17:12:18,5820125184,7812935680
17:12:23,5818306560,7811604480
17:12:28,5863276544,7928442880
17:12:33,5861957632,7912296448
17:12:38,5860962304,7880421376
17:12:43,5852565504,7852269568
17:12:48,5855756288,7856082944
17:12:53,5858713600,7763001344
17:12:58,5855924224,7769681920
17:13:03,5857730560,7771463680
17:13:08,5857853440,7773151232
17:13:13,5856546816,7771095040
17:13:18,5854912512,7770320896
17:13:23,5857853440,7795675136
17:13:28,5851955200,7757635584
17:13:33,5855125504,7762051072
17:13:38,5844688896,7728185344
17:13:43,5844029440,7727738880
17:13:48,5842616320,7728091136
17:13:53,5844209664,7728709632
17:13:58,5844127744,7729332224
17:14:03,5848940544,7731118080
17:14:08,5847154688,7727595520
17:14:13,5842059264,7723151360
17:14:18,5841805312,7722876928
17:14:23,5840265216,7716765696
17:14:28,5814882304,7677870080
17:14:33,5818101760,7681593344
17:14:38,5814669312,7678259200
17:14:43,5814587392,7677542400
17:14:48,5822631936,7701303296
17:14:53,5812850688,7680679936
17:14:58,5812477952,7681126400
17:15:03,5814550528,7683944448
17:15:08,5811679232,7680925696
17:15:13,5812142080,7680135168
17:15:18,5811822592,7583457280
17:15:23,5813997568,7579926528
17:15:28,5879070720,7811276800
17:15:33,5909590016,7873916928
17:15:38,5892157440,7856369664
17:15:43,5885501440,7855923200
17:15:48,5878669312,7861837824
17:15:53,5878833152,7860879360
17:15:58,5877342208,7860109312
17:16:03,5880410112,7863959552
17:16:08,5877051392,7860350976
17:16:13,5876350976,7860957184
17:16:18,5874712576,7861805056
17:16:23,5875552256,7857524736
17:16:28,5875511296,7848534016
17:16:33,5859823616,7809667072
17:16:38,5855424512,7805587456
17:16:43,5863567360,7815274496
17:16:48,5854400512,7806267392
17:16:53,5852160000,7806050304
17:16:58,5851070464,7805624320
17:17:03,5847400448,7782293504
17:17:08,5832142848,7766212608
17:17:13,5831520256,7767195648
17:17:18,5830688768,7766814720
17:17:23,5847891968,7821303808
17:17:28,5854748672,7847211008
17:17:33,5876826112,7892451328
17:17:38,6009671680,8074043392
17:17:43,5955203072,7933739008
17:17:48,5938909184,7948185600
17:17:53,6065180672,7951568896
17:17:58,6274883584,8146464768
17:18:03,7617204224,8478765056
17:18:08,8083353600,8655515648
17:18:13,8219996160,8756527104
17:18:18,8194682880,8714018816
17:18:23,8250966016,8750665728
17:18:28,8244752384,8744116224
17:18:33,8248401920,8747950080
17:18:38,8246370304,8781266944
17:18:43,8280576000,8930836480
17:18:48,8288329728,8967094272
17:18:53,8343814144,9038954496
17:18:58,8326070272,8896241664
17:19:03,8308338688,8861315072
17:19:08,8300011520,8853770240
17:19:13,8292143104,8850202624
17:19:18,8291659776,8849547264
17:19:23,8288473088,8850403328
17:19:28,8308211712,8880631808
17:19:33,8356257792,8905805824
17:19:38,8375656448,8918659072
17:19:43,8423165952,8984428544
17:19:48,8490008576,9026281472
17:19:53,8483708928,9010040832
17:19:58,8481685504,9011601408
17:20:03,8485400576,9013125120
17:20:08,8483004416,9010860032
17:20:13,8483577856,9015099392
17:20:18,8470228992,9007886336
17:20:23,8467152896,8997998592
17:20:28,8472080384,8993587200
17:20:33,8507011072,9015324672
17:20:38,8591175680,9080590336
17:20:43,8610017280,9095340032
17:20:48,8593645568,9079455744
17:20:53,8603066368,9088077824
17:20:58,8650547200,9185136640
17:21:03,8791773184,9319727104
17:21:08,8964751360,8914980864
17:21:13,8956514304,8922390528
17:21:18,8982675456,8949850112
17:21:23,9062662144,9025880064
17:21:28,9084354560,9049612288
17:21:33,9151602688,9100578816
17:21:38,9150246912,9099825152
17:21:43,9165185024,9111719936
17:21:48,9159376896,9108074496
17:21:53,9171677184,9120772096
17:21:58,9303244800,9182392320
17:22:03,9139040256,8980992000
17:22:08,9127317504,8965513216
17:22:13,9040646144,8984055808
17:22:18,9154830336,9123811328
17:22:23,9286320128,9092382720
17:22:28,9293303808,9240145920
17:22:33,9277308928,9194074112
17:22:38,9281613824,9199087616
17:22:43,9261490176,9170849792
17:22:48,9260343296,9171763200
17:22:53,9263910912,9177526272
17:22:58,9266753536,9065570304
17:23:03,9267200000,9084633088
17:23:08,9279897600,9083744256
17:23:13,9272147968,9064869888
17:23:18,9252691968,9064017920
17:23:23,9251799040,9063878656
17:23:28,9249710080,9063354368
17:23:33,9249234944,9064841216
17:23:38,9247510528,9063772160
17:23:43,9245687808,9063116800
17:23:48,9255391232,9087791104
17:23:53,9263849472,9085911040
17:23:58,9326571520,9200627712
17:24:03,9322315776,9056497664
17:24:08,9315176448,9051697152
17:24:13,9330900992,9099837440
17:24:18,9333768192,9113059328
17:24:23,9354579968,9131229184
17:24:28,9354973184,9134256128
17:24:33,9345896448,9097629696
17:24:38,9336393728,9049956352
17:24:43,9315713024,9019342848
17:24:48,9322668032,9038569472
17:24:53,9308491776,9037709312
17:24:58,9303703552,9020354560
17:25:03,9307787264,9024761856
17:25:08,9312038912,9021730816
17:25:13,9310982144,9021562880
17:25:18,9304268800,8888549376
17:25:23,9307832320,8900620288
17:25:28,9301024768,8902864896
17:25:33,9294934016,8899588096
17:25:38,9309429760,8898936832
17:25:43,9351761920,9116065792
17:25:48,9345048576,8977985536
17:25:53,9342836736,8981180416
17:25:58,9123049472,8666046464
17:26:03,9099546624,8678006784
17:26:08,9172488192,8784572416
17:26:13,9166172160,8805244928
17:26:18,9141096448,8786849792
17:26:23,9133641728,8755077120
17:26:28,9169104896,8941322240
17:26:33,9140748288,8918573056
17:26:38,9161617408,8948711424
17:26:43,9162149888,8929259520
17:26:48,9139978240,8901914624
17:26:53,9159475200,8955138048
17:26:58,9140174848,8934080512
17:27:03,9124614144,8883740672
17:27:08,9238671360,8994291712
17:27:13,9206079488,8962191360
17:27:18,9176457216,8960684032
17:27:23,9165787136,8945770496
17:27:28,9173286912,8925163520
17:27:33,9177743360,9004171264
17:27:38,9167704064,8987688960
17:27:43,9173946368,9017790464
17:27:48,9171582976,8995880960
17:27:53,9156829184,8975474688
17:27:58,9152094208,8956014592
17:28:03,9154740224,8959860736
17:28:08,9155149824,8959262720
17:28:13,9130446848,8935952384
17:28:18,9126912000,8957165568
17:28:23,9141915648,8937889792
17:28:28,9126313984,8940171264
17:28:33,9128103936,8939814912
17:28:38,9131257856,8944115712
17:28:43,9164066816,8979640320
17:28:48,9144672256,8975241216
17:28:53,9137348608,8961785856
17:28:58,9147379712,8973160448
17:29:03,9147260928,8973008896
17:29:08,9133158400,8972025856
17:29:13,9135534080,8974200832
17:29:18,9134817280,8974397440
17:29:23,9136328704,8966647808
17:29:28,9144950784,8966324224
17:29:33,9178525696,9021456384
17:29:38,9184317440,9029537792
17:29:43,9179394048,9012723712
17:29:48,9159344128,9003192320
17:29:53,9162731520,9006972928
17:29:58,9184772096,9015734272
17:30:03,9173463040,9025761280
17:30:08,9161990144,9014202368
17:30:13,9172025344,9041055744
17:30:18,9188343808,9043345408
17:30:23,9175965696,9032925184
17:30:28,9173594112,9065615360
17:30:33,9218129920,9140891648
17:30:38,9215082496,9190883328
17:30:43,9144627200,9093267456
17:30:48,9141551104,9100181504
17:30:53,9204465664,9210068992
17:30:58,9156632576,9172729856
17:31:03,9166389248,9170849792
17:31:08,9215188992,9248133120
17:31:13,9187631104,9215516672
17:31:18,9214763008,9234251776
17:31:23,9211342848,9247907840
17:31:28,9233158144,9297371136
17:31:33,9288908800,9350389760
17:31:38,9253826560,9328283648
17:31:43,9247674368,9327308800
17:31:48,9198088192,9279348736
17:31:53,9186959360,9275236352
17:31:58,9166716928,9253806080
17:32:03,9174396928,9254719488
17:32:08,9173565440,9252364288
17:32:13,9172598784,9252397056
17:32:18,9169670144,9247244288
17:32:23,9167400960,9241022464
17:32:28,9180348416,9261461504
17:32:33,9171456000,9252978688
17:32:38,9238171648,9324081152
17:32:43,9253801984,9342283776
17:32:48,9255268352,9344954368
17:32:53,9234870272,9369411584
17:32:58,9224417280,9336344576
17:33:03,9238265856,9328246784
17:33:08,9234075648,9316003840
17:33:13,9226244096,9348452352
17:33:18,9277571072,9442029568
17:33:23,9274884096,9431076864
17:33:28,9297113088,9507545088
17:33:33,9359900672,9585840128
17:33:38,9332363264,9562050560
17:33:43,9326768128,9543045120
17:33:48,9319829504,9529860096
17:33:53,9307213824,9518174208
17:33:58,9300414464,9514790912
17:34:03,9305104384,9515458560
17:34:08,9341829120,9546960896
17:34:13,9340243968,9556230144
17:34:18,9387327488,9615204352
17:34:23,9360556032,9594929152
17:34:28,9391935488,9658773504
17:34:33,9373818880,9645223936
17:34:38,9370640384,9647792128
17:34:43,9360056320,9648541696
17:34:48,9413689344,9741975552
17:34:53,9476431872,9843736576
17:34:58,9442062336,9820565504
17:35:03,9514725376,9903214592
17:35:08,9511919616,9874227200
17:35:13,9485709312,9868312576
17:35:18,9490472960,9710170112
17:35:23,9522745344,9763909632
17:35:28,9479499776,9763524608
17:35:33,9476096000,9753092096
17:35:38,9473499136,9757032448
17:35:43,9462779904,9757368320
17:35:48,9453416448,9751834624
17:35:53,9482698752,9754132480
17:35:58,9494822912,9770844160
17:36:03,9466085376,9770795008
17:36:08,9427374080,9728954368
17:36:13,9404899328,9708453888
17:36:18,9406427136,9713790976
17:36:23,9419915264,9703063552
17:36:28,9419743232,9700143104
17:36:33,9406455808,9704001536
17:36:38,9422733312,9691635712
17:36:43,9404575744,9691496448
17:36:48,9393299456,9681448960
17:36:53,9399734272,9680756736
17:36:58,9400041472,9681240064
17:37:03,9402359808,9684365312
17:37:08,9398886400,9681973248
17:37:13,9395167232,9681043456
17:37:18,9389379584,9675505664
17:37:23,9394331648,9661882368
17:37:28,9398542336,9686376448
17:37:33,9392644096,9689059328
17:37:38,9417637888,9713025024
17:37:43,9448677376,9786310656
17:37:48,9497395200,9842487296
17:37:53,9503940608,9829732352
17:37:58,9462132736,9786810368
17:38:03,9257730048,9612857344
17:38:08,9263190016,9613312000
17:38:13,9205096448,9579253760
17:38:18,9184575488,9541574656
17:38:23,9177362432,9499049984
17:38:28,9195102208,9507868672
17:38:33,9273569280,9616429056
17:38:38,9264254976,9606365184
17:38:43,9203277824,9575448576
17:38:48,9188323328,9560465408
17:38:53,9207635968,9557716992
17:38:58,9190563840,9556189184
17:39:03,9189367808,9557368832
17:39:08,9189957632,9551237120
17:39:13,9186299904,9548685312
17:39:18,9180905472,9535893504
17:39:23,9180413952,9524764672
17:39:28,9179643904,9522663424
17:39:33,9185038336,9525104640
17:39:38,9183186944,9519984640
17:39:43,9199243264,9518006272
17:39:48,9198919680,9514168320
17:39:53,9185722368,9511460864
17:39:58,9182093312,9510862848
17:40:03,9184460800,9512493056
17:40:08,9181302784,9507577856
17:40:13,9180680192,9503895552
17:40:18,9180717056,9501896704
17:40:23,9198256128,9502240768
17:40:28,9178812416,9501552640
17:40:33,9181052928,9504485376
17:40:38,9179103232,9500094464
17:40:43,9179213824,9500049408
17:40:48,9180147712,9500749824
17:40:53,9201258496,9495851008
17:40:58,9182601216,9493114880
17:41:03,9184342016,9386119168
17:41:08,9184604160,9381564416
17:41:13,9194385408,9380159488
17:41:18,9179774976,9379119104
17:41:23,9178333184,9374924800
17:41:28,9182343168,9377226752
17:41:33,9177497600,9383235584
17:41:38,9173938176,9380257792
17:41:43,9188593664,9379155968
17:41:48,9172250624,9379188736
17:41:53,9175318528,9380360192
17:41:58,9172832256,9382817792
17:42:03,9174417408,9386065920
17:42:08,9173241856,9384976384
17:42:13,9183330304,9384337408
17:42:18,9183371264,9383956480
17:42:23,9171001344,9379176448
17:42:28,9181298688,9379745792
17:42:33,9174999040,9355374592
17:42:38,9169190912,9378684928
17:42:43,9182375936,9364500480
17:42:48,9182052352,9256226816
17:42:53,9164627968,9255759872
17:42:58,9187704832,9247424512
17:43:03,9180762112,9246425088
17:43:08,9178595328,9248378880
17:43:13,9183186944,9255669760
17:43:18,9179443200,9295691776
17:43:23,9181708288,9300430848
17:43:28,9180921856,9300025344
17:43:33,9213321216,9315454976
17:43:38,9190256640,9296412672
17:43:43,9190117376,9279823872
17:43:48,9193492480,9280438272
17:43:53,9209556992,9280643072
17:43:58,9189470208,9284976640
17:44:03,9206231040,9289707520
17:44:08,9190850560,9286852608
17:44:13,9190297600,9286983680
17:44:18,9188777984,9284182016
17:44:23,9199775744,9254567936
17:44:28,9182470144,9257406464
17:44:33,9200427008,9261154304
17:44:38,9198002176,9258459136
17:44:43,9197903872,9257971712
17:44:48,9182838784,9260429312
17:44:53,9207242752,9269678080
17:44:58,9209208832,9276911616
17:45:03,9197789184,9281830912
17:45:08,9185546240,9258041344
17:45:13,9186123776,9258586112
17:45:18,9189384192,9109225472
17:45:23,9186856960,9132392448
17:45:28,9186000896,9139331072
17:45:33,9192091648,9141764096
17:45:38,9186897920,9143234560
17:45:43,9185964032,9144549376
17:45:48,9185783808,9153134592
17:45:53,9201582080,9154478080
17:45:58,9183080448,9156542464
17:46:03,9189806080,9164079104
17:46:08,9183416320,9160884224
17:46:13,9178943488,9137332224
17:46:18,9182130176,9140940800
17:46:23,9198358528,9137852416
17:46:28,9200414720,9140559872
17:46:33,9189994496,9143050240
17:46:38,9180803072,9139630080
17:46:43,9189560320,9149829120
17:46:48,9198424064,9142882304
17:46:53,9199337472,9142091776
17:46:58,9199263744,9142616064
17:47:03,9182797824,9146548224
17:47:08,9186557952,9143734272
17:47:13,9186459648,9145655296
17:47:18,9187434496,9145376768
17:47:23,9200656384,9145155584
17:47:28,9207164928,9181601792
17:47:33,9208406016,9183199232
17:47:38,9203200000,9179181056
17:47:43,9203433472,9181609984
17:47:48,9190498304,9189027840
17:47:53,9210052608,9187401728
17:47:58,9188528128,9190793216
17:48:03,9191952384,9120468992
17:48:08,9189675008,9121300480
17:48:13,9190645760,9122201600
17:48:18,9191079936,9114423296
17:48:23,9217019904,9111621632
17:48:28,9216135168,9110962176
17:48:33,9219883008,9115467776
17:48:38,9191084032,9112432640
17:48:43,9190944768,9112350720
17:48:48,9191280640,9114570752
17:48:53,9207418880,9115332608
17:48:58,9195139072,9115598848
17:49:03,9191710720,9119666176
17:49:08,9190223872,9116295168
17:49:13,9190416384,9115668480
17:49:18,9190842368,9115238400
17:49:23,9203343360,9107734528
17:49:28,9202761728,9108332544
17:49:33,9205407744,9112174592
17:49:38,9202610176,9109524480
17:49:43,9185878016,9109213184
17:49:48,9184837632,9110384640
17:49:53,9184751616,9110257664
17:49:58,9185447936,9110560768
17:50:03,9188601856,9114689536
17:50:08,9200615424,9111109632
17:50:13,9184464896,9111044096
17:50:18,9184206848,9112231936
17:50:23,9187565568,9108312064
17:50:28,9187573760,9107279872
17:50:33,9202757632,9112813568
17:50:38,9201614848,9110351872
17:50:43,9184833536,9110048768
17:50:48,9184587776,9110544384
17:50:53,9204539392,9111969792
17:50:58,9184759808,9110208512
17:51:03,9188155392,9114603520
17:51:08,9186615296,9112223744
17:51:13,9187291136,9112219648
17:51:18,9189003264,9113411584
17:51:23,9207226368,9114447872
17:51:28,9188200448,9114148864
17:51:33,9191088128,9117544448
17:51:38,9188708352,9114943488
17:51:43,9188171776,9115590656
17:51:48,9187491840,9115938816
17:51:53,9206968320,9116311552
17:51:58,9188118528,9116344320
17:52:03,9190072320,9119621120
17:52:08,9185267712,9116147712
17:52:13,9188425728,9116790784
17:52:18,9188249600,9116188672
17:52:23,9186209792,9117908992
17:52:28,9186603008,9118842880
17:52:33,9189371904,9122029568
17:52:38,9186959360,9118973952
17:52:43,9203269632,9119596544
17:52:48,9202921472,9119817728
17:52:53,9188544512,9118756864
17:52:58,9206693888,9137639424
17:53:03,9198190592,9165729792
17:53:08,9196032000,9163952128
17:53:13,9207001088,9147494400
17:53:18,9207033856,9147170816
17:53:23,9192783872,9147387904
17:53:28,9205219328,9148280832
17:53:33,9190674432,9150181376
17:53:38,9188085760,9147838464
17:53:43,9193046016,9147891712
17:53:48,9192165376,9146339328
17:53:53,9190330368,9148350464
17:53:58,9207279616,9148465152
17:54:03,9193979904,9151873024
17:54:08,9191968768,9147637760
17:54:13,9203011584,9118531584
17:54:18,9202135040,9118806016
17:54:23,9183965184,9117003776
17:54:28,9207300096,9147203584
17:54:33,9210273792,9149952000
17:54:38,9206226944,9146068992
17:54:43,9207095296,9146990592
17:54:48,9201659904,9168478208
17:54:53,9192427520,9149747200
17:54:58,9191911424,9150701568
17:55:03,9208324096,9166401536
17:55:08,9216131072,9219358720
17:55:13,9198583808,9209942016
17:55:18,9203519488,9129426944
17:55:23,9198665728,9136955392
17:55:28,9198526464,9137762304
17:55:33,9201815552,9145511936
17:55:38,9199472640,9143529472
17:55:43,9198129152,9145184256
17:55:48,9198108672,9148862464
17:55:53,9201360896,9156624384
17:55:58,9196974080,9158656000
17:56:03,9216126976,9162883072
17:56:08,9200259072,9160167424
17:56:13,9199570944,9160855552
17:56:18,9215320064,9161924608
17:56:23,9218252800,9162047488
17:56:28,9199239168,9163087872
17:56:33,9205313536,9166315520
17:56:38,9201397760,9163214848
17:56:43,9201684480,9162698752
17:56:48,9194938368,9162121216
17:56:53,9197842432,9163792384
17:56:58,9195331584,9163010048
17:57:03,9195208704,9167187968
17:57:08,9190805504,9163673600
17:57:13,9191276544,9171243008
17:57:18,9192456192,9170718720
17:57:23,9192202240,9170161664
17:57:28,9193299968,9172115456
17:57:33,9196265472,9175711744
17:57:38,9193226240,9173049344
17:57:43,9193586688,9172701184
17:57:48,9209704448,9160880128
17:57:53,9200259072,9161785344
17:57:58,9198854144,9166753792
17:58:03,9214984192,9172082688
17:58:08,9211269120,9170685952
17:58:13,9208827904,9138704384
17:58:18,9206071296,9136631808
17:58:23,9189797888,9137328128
17:58:28,9188290560,9135783936
17:58:33,9207721984,9140723712
17:58:38,9206788096,9138794496
17:58:43,9206349824,9139068928
17:58:48,9206222848,9139171328
17:58:53,9209819136,9139961856
17:58:58,9188491264,9139404800
17:59:03,9192550400,9142157312
17:59:08,9212149760,9175597056
17:59:13,9212071936,9175416832
17:59:18,9195827200,9175654400
17:59:23,9215381504,9173225472
17:59:28,9195499520,9172291584
17:59:33,9196412928,9175597056
17:59:38,9208545280,9172598784
17:59:43,9206325248,9175248896
17:59:48,9192181760,9175101440
17:59:53,9212309504,9185665024
17:59:58,9199886336,9185677312
18:00:03,9202876416,9196445696
18:00:08,9203290112,9194037248
18:00:13,9227857920,9261953024
18:00:18,9226809344,9261072384
18:00:23,9257062400,9252601856
18:00:28,9257234432,9253302272
18:00:33,9227894784,9255366656
18:00:38,9272098816,9313959936
18:00:43,9262125056,9313071104
18:00:48,9277911040,9403199488
18:00:53,9403645952,9576779776
18:00:58,9343098880,9514131456
18:01:03,9291268096,9463599104
18:01:08,9389293568,9559388160
18:01:13,9403625472,9610567680
18:01:18,9453654016,9683378176
18:01:23,9551831040,9790050304
18:01:28,9582641152,9849839616
18:01:33,9621819392,9931997184
18:01:38,9667440640,9985462272
18:01:43,9700384768,10012766208
18:01:48,9682800640,9990459392
18:01:53,9697722368,9990631424
18:01:58,9515548672,9768124416
18:02:03,9367924736,9608450048
18:02:08,9376821248,9756753920
18:02:13,9354674176,9578397696
18:02:18,9348149248,9562447872
18:02:23,9352568832,9555963904
18:02:28,9344380928,9525821440
18:02:33,9370017792,9556725760
18:02:38,9351811072,9518579712
18:02:43,9329672192,9498828800
18:02:48,9328771072,9502789632
18:02:53,9366601728,9526915072
18:02:58,9345376256,9517912064
18:03:03,9328295936,9515827200
18:03:08,9352814592,9529507840
18:03:13,9343885312,9540186112
18:03:18,9331232768,9528090624
18:03:23,9323679744,9508229120
18:03:28,9255505920,9410772992
18:03:33,9253072896,9452892160
18:03:38,9282105344,9479147520
18:03:43,9277186048,9468645376
18:03:48,9248956416,9457631232
18:03:53,9246932992,9450401792
18:03:58,9247739904,9450868736
18:04:03,9245130752,9452498944
18:04:08,9241407488,9448435712
18:04:13,9239642112,9447256064
18:04:18,9241731072,9450078208
18:04:23,9240514560,9428410368
18:04:28,9262813184,9438322688
18:04:33,9261002752,9436573696
18:04:38,9422688256,9615392768
18:04:43,9533181952,9770921984
18:04:48,9603665920,9868451840
18:04:53,9553846272,9793753088
18:04:58,9305321472,9478066176
18:05:03,9299161088,9477980160
18:05:08,6414835712,8419594240
18:05:13,6081273856,8071028736
18:05:18,6081134592,7965523968
18:05:23,6069764096,7999582208
18:05:28,6069518336,8000172032
18:05:33,6069469184,8000700416
18:05:38,6066151424,8001859584
18:05:43,6079979520,8014127104
18:05:48,6078500864,8020193280
18:05:53,6069817344,8013549568
18:05:58,6100410368,8096288768
18:06:03,6103678976,8100646912
18:06:08,6100213760,8096608256
18:06:13,6145142784,8317870080
18:06:18,6127165440,8303628288
18:06:23,6222487552,8429342720
18:06:28,6205870080,8290529280
18:06:33,6188613632,8282791936
18:06:38,6092546048,8132468736
18:06:43,6114127872,8150155264
18:06:48,6087315456,8115163136
18:06:53,6075772928,8111353856
18:06:58,6020698112,8029171712
18:07:03,6062411776,8061751296
18:07:08,5974790144,7962443776
18:07:13,5975568384,8130617344
18:07:18,5980454912,8036614144
18:07:23,5971943424,8023187456
18:07:28,5957812224,7975628800
18:07:33,5959315456,7976898560
18:07:38,5959172096,7973822464
18:07:43,5952798720,7968378880
18:07:48,5950046208,7965122560
18:07:53,5950238720,7965724672
18:07:58,5976408064,7996260352
18:08:03,5988057088,7982166016
18:08:08,6025801728,8020533248
18:08:13,5991268352,7946043392
18:08:18,5983428608,7963365376
18:08:23,5980774400,7937757184
18:08:28,5994561536,8106827776
18:08:33,6025359360,8167251968
18:08:38,6004416512,8128200704
18:08:43,6000697344,7980347392
18:08:48,6020702208,8016830464
18:08:53,5998444544,7987179520
18:08:58,5998718976,7987630080
18:09:03,6001942528,7990837248
18:09:08,5994369024,7978856448
18:09:13,5994160128,7978631168
18:09:18,6015160320,7999377408
18:09:23,6029053952,8013430784
18:09:28,6004330496,7984820224
18:09:33,6010535936,8000573440
18:09:38,6001811456,8017408000
18:09:43,6001455104,8034553856
18:09:48,5992763392,7988232192
18:09:53,5978624000,7982063616
